Car_Name,Year,Selling_Price,Present_Price,Kms_Driven,Fuel_Type,Seller_Type,Transmission,Owner,Age,Brand,KM_per_Year,Price_Depreciation,Car_Condition,Is_Diesel,Is_First_Owner
ritz,2014,3.35,5.59,27000,Petrol,Dealer,Manual,0,11,ritz,2250.0,0.4658333333333333,1.7252447440218262e-05,0,1
sx4,2013,4.75,9.54,43000,Diesel,Dealer,Manual,0,12,sx4,3307.6923076923076,0.7338461538461538,1.7065792745428103e-05,1,1
ciaz,2017,7.25,9.85,6900,Petrol,Dealer,Manual,0,8,ciaz,766.6666666666666,1.0944444444444443,0.000158592152506078,0,1
wagon r,2011,2.85,4.15,5200,Petrol,Dealer,Manual,0,14,wagon,346.6666666666667,0.27666666666666667,5.319489841697109e-05,0,1
swift,2014,4.6,6.87,42450,Diesel,Dealer,Manual,0,11,swift,3537.5,0.5725,1.3486136957904408e-05,1,1
vitara brezza,2018,9.25,9.83,2071,Diesel,Dealer,Manual,0,7,vitara,258.875,1.22875,0.0005930260617760618,1,1
ciaz,2015,6.75,8.12,18796,Petrol,Dealer,Manual,0,10,ciaz,1708.7272727272727,0.7381818181818182,3.927125701876992e-05,0,1
s cross,2015,6.5,8.61,33429,Diesel,Dealer,Manual,0,10,s,3039.0,0.7827272727272727,2.3413917820139773e-05,1,1
ciaz,2016,8.75,8.89,20273,Diesel,Dealer,Manual,0,9,ciaz,2027.3,0.889,4.384926506856072e-05,1,1
ciaz,2015,7.45,8.92,42367,Diesel,Dealer,Manual,0,10,ciaz,3851.5454545454545,0.8109090909090909,1.9139659434221368e-05,1,1
alto 800,2017,2.85,3.6,2135,Petrol,Dealer,Manual,0,8,alto,237.22222222222223,0.4,0.00018726591760299626,0,1
ciaz,2015,6.85,10.38,51000,Diesel,Dealer,Manual,0,10,ciaz,4636.363636363636,0.9436363636363637,1.8502311006379558e-05,1,1
ciaz,2015,7.5,9.94,15000,Petrol,Dealer,Automatic,0,10,ciaz,1363.6363636363637,0.9036363636363636,6.023840834853434e-05,0,1
ertiga,2015,6.1,7.71,26000,Petrol,Dealer,Manual,0,10,ertiga,2363.6363636363635,0.7009090909090909,2.695700515015157e-05,0,1
dzire,2009,2.25,7.21,77427,Petrol,Dealer,Manual,0,16,dzire,4554.529411764706,0.42411764705882354,5.4775746120114626e-06,0,1
ertiga,2016,7.75,10.79,43000,Diesel,Dealer,Manual,0,9,ertiga,4300.0,1.079,2.50924397107044e-05,1,1
ertiga,2015,7.25,10.79,41678,Diesel,Dealer,Manual,0,10,ertiga,3788.909090909091,0.9809090909090908,2.3534851865665944e-05,1,1
ertiga,2016,7.75,10.79,43000,Diesel,Dealer,Manual,0,9,ertiga,4300.0,1.079,2.50924397107044e-05,1,1
wagon r,2015,3.25,5.09,35500,CNG,Dealer,Manual,0,10,wagon,3227.2727272727275,0.4627272727272727,1.303420390206678e-05,0,1
sx4,2010,2.65,7.98,41442,Petrol,Dealer,Manual,0,15,sx4,2590.125,0.49875,1.2034601742151872e-05,0,1
alto k10,2016,2.85,3.95,25000,Petrol,Dealer,Manual,0,9,alto,2500.0,0.395,1.5799368025278993e-05,0,1
ignis,2017,4.9,5.71,2400,Petrol,Dealer,Manual,0,8,ignis,266.6666666666667,0.6344444444444445,0.0002642417511222176,0,1
sx4,2011,4.4,8.01,50000,Petrol,Dealer,Automatic,0,14,sx4,3333.3333333333335,0.534,1.0679786404271913e-05,0,1
alto k10,2014,2.5,3.46,45280,Petrol,Dealer,Manual,0,11,alto,3773.3333333333335,0.28833333333333333,6.367645001950781e-06,0,1
wagon r,2013,2.9,4.41,56879,Petrol,Dealer,Manual,0,12,wagon,4375.307692307692,0.3392307692307692,5.963972736124635e-06,0,1
swift,2011,3.0,4.99,20000,Petrol,Dealer,Manual,0,14,swift,1333.3333333333333,0.33266666666666667,1.663250170824792e-05,0,1
swift,2013,4.15,5.87,55138,Petrol,Dealer,Manual,0,12,swift,4241.384615384615,0.45153846153846156,8.189094135520441e-06,0,1
swift,2017,6.0,6.49,16200,Petrol,Individual,Manual,0,8,swift,1800.0,0.7211111111111111,4.451028400167342e-05,0,1
alto k10,2010,1.95,3.95,44542,Petrol,Dealer,Manual,0,15,alto,2783.875,0.246875,5.54239723413331e-06,0,1
ciaz,2015,7.45,10.38,45000,Diesel,Dealer,Manual,0,10,ciaz,4090.909090909091,0.9436363636363637,2.0969230986786154e-05,1,1
ritz,2012,3.1,5.98,51439,Diesel,Dealer,Manual,0,13,ritz,3674.214285714286,0.42714285714285716,8.303710286602977e-06,1,1
ritz,2011,2.35,4.89,54200,Petrol,Dealer,Manual,0,14,ritz,3613.3333333333335,0.32599999999999996,6.01464917621446e-06,0,1
swift,2014,4.95,7.49,39000,Diesel,Dealer,Manual,0,11,swift,3250.0,0.6241666666666666,1.6003863148808147e-05,1,1
ertiga,2014,6.0,9.95,45000,Diesel,Dealer,Manual,0,11,ertiga,3750.0,0.8291666666666666,1.8425516470004368e-05,1,1
dzire,2014,5.5,8.06,45000,Diesel,Dealer,Manual,0,11,dzire,3750.0,0.6716666666666667,1.4925594246053791e-05,1,1
sx4,2011,2.95,7.74,49998,CNG,Dealer,Manual,0,14,sx4,3333.2,0.516,1.0320206404128082e-05,0,1
dzire,2015,4.65,7.2,48767,Petrol,Dealer,Manual,0,10,dzire,4433.363636363636,0.6545454545454545,1.3421617752326414e-05,0,1
800,2003,0.35,2.28,127000,Petrol,Individual,Manual,0,22,800,5521.739130434783,0.09913043478260869,7.805484585366153e-07,0,1
alto k10,2016,3.0,3.76,10079,Petrol,Dealer,Manual,0,9,alto,1007.9,0.376,3.73015873015873e-05,0,1
sx4,2003,2.25,7.98,62000,Petrol,Dealer,Manual,0,22,sx4,2695.6521739130435,0.34695652173913044,5.5959826734912414e-06,0,1
baleno,2016,5.85,7.87,24524,Petrol,Dealer,Automatic,0,9,baleno,2452.4,0.787,3.2089704383282364e-05,0,1
alto k10,2014,2.55,3.98,46706,Petrol,Dealer,Manual,0,11,alto,3892.1666666666665,0.33166666666666667,7.101005559480734e-06,0,1
sx4,2008,1.95,7.15,58000,Petrol,Dealer,Manual,0,17,sx4,3222.222222222222,0.39722222222222225,6.848540925539598e-06,0,1
dzire,2014,5.5,8.06,45780,Diesel,Dealer,Manual,0,11,dzire,3815.0,0.6716666666666667,1.4671297408677545e-05,1,1
omni,2012,1.25,2.69,50000,Petrol,Dealer,Manual,0,13,omni,3571.4285714285716,0.19214285714285714,3.842780287251398e-06,0,1
ciaz,2014,7.5,12.04,15000,Petrol,Dealer,Automatic,0,11,ciaz,1250.0,1.0033333333333332,6.688442992689375e-05,0,1
ritz,2013,2.65,4.89,64532,Petrol,Dealer,Manual,0,12,ritz,4964.0,0.3761538461538461,5.828860368398279e-06,0,1
wagon r,2006,1.05,4.15,65000,Petrol,Dealer,Manual,0,19,wagon,3250.0,0.20750000000000002,3.192258580637221e-06,0,1
ertiga,2015,5.8,7.71,25870,Petrol,Dealer,Manual,0,10,ertiga,2351.818181818182,0.7009090909090909,2.7092462251520655e-05,0,1
ciaz,2017,7.75,9.29,37000,Petrol,Dealer,Automatic,0,8,ciaz,4111.111111111111,1.0322222222222222,2.7897143921035165e-05,0,1
fortuner,2012,14.9,30.61,104707,Diesel,Dealer,Automatic,0,13,fortuner,7479.071428571428,2.1864285714285714,2.0881198871419294e-05,1,1
fortuner,2015,23.0,30.61,40000,Diesel,Dealer,Automatic,0,10,fortuner,3636.3636363636365,2.7827272727272727,6.95664426571154e-05,1,1
innova,2017,18.0,19.77,15000,Diesel,Dealer,Automatic,0,8,innova,1666.6666666666667,2.1966666666666668,0.00014643468213230228,1,1
fortuner,2013,16.0,30.61,135000,Diesel,Individual,Automatic,0,12,fortuner,10384.615384615385,2.3546153846153848,1.744146624554918e-05,1,1
innova,2005,2.75,10.21,90000,Petrol,Individual,Manual,0,20,innova,4285.714285714285,0.48619047619047623,5.4020563792677435e-06,0,1
corolla altis,2009,3.6,15.04,70000,Petrol,Dealer,Automatic,0,16,corolla,4117.64705882353,0.8847058823529411,1.2638474912543265e-05,0,1
etios cross,2015,4.5,7.27,40534,Petrol,Dealer,Manual,0,10,etios,3684.909090909091,0.6609090909090909,1.6304652544938716e-05,0,1
corolla altis,2010,4.75,18.54,50000,Petrol,Dealer,Manual,0,15,corolla,3125.0,1.15875,2.3174536509269813e-05,0,1
etios g,2014,4.1,6.8,39485,Petrol,Dealer,Manual,1,11,etios,3290.4166666666665,0.5666666666666667,1.435107801921356e-05,0,0
fortuner,2014,19.99,35.96,41000,Diesel,Dealer,Automatic,0,11,fortuner,3416.6666666666665,2.9966666666666666,7.308764826874141e-05,1,1
corolla altis,2013,6.95,18.61,40001,Petrol,Dealer,Manual,0,12,corolla,3077.0,1.4315384615384614,3.57866722048513e-05,0,1
etios cross,2015,4.5,7.7,40588,Petrol,Dealer,Manual,0,10,etios,3689.818181818182,0.7000000000000001,1.724605188597896e-05,0,1
fortuner,2014,18.75,35.96,78000,Diesel,Dealer,Automatic,0,11,fortuner,6500.0,2.9966666666666666,3.8418310876356284e-05,1,1
fortuner,2015,23.5,35.96,47000,Diesel,Dealer,Automatic,0,10,fortuner,4272.727272727273,3.269090909090909,6.955364586053296e-05,1,1
fortuner,2017,33.0,36.23,6000,Diesel,Dealer,Automatic,0,8,fortuner,666.6666666666666,4.025555555555555,0.0006708141235719971,1,1
etios liva,2014,4.75,6.95,45000,Diesel,Dealer,Manual,0,11,etios,3750.0,0.5791666666666667,1.2870084368495514e-05,1,1
innova,2017,19.75,23.15,11000,Petrol,Dealer,Automatic,0,8,innova,1222.2222222222222,2.572222222222222,0.00023381712773586235,0,1
fortuner,2010,9.25,20.45,59000,Diesel,Dealer,Manual,0,15,fortuner,3687.5,1.278125,2.1662768427653767e-05,1,1
corolla altis,2011,4.35,13.74,88000,Petrol,Dealer,Manual,0,14,corolla,5866.666666666667,0.916,1.0408972625311075e-05,0,1
corolla altis,2016,14.25,20.91,12000,Petrol,Dealer,Manual,0,9,corolla,1200.0,2.091,0.0001742354803766353,0,1
etios liva,2014,3.95,6.76,71000,Diesel,Dealer,Manual,0,11,etios,5916.666666666667,0.5633333333333334,7.934160551729316e-06,1,1
corolla altis,2011,4.5,12.48,45000,Diesel,Dealer,Manual,0,14,corolla,3000.0,0.8320000000000001,1.848847803382147e-05,1,1
corolla altis,2013,7.45,18.61,56001,Petrol,Dealer,Manual,0,12,corolla,4307.7692307692305,1.4315384615384614,2.556227387483414e-05,0,1
etios liva,2011,2.65,5.71,43000,Petrol,Dealer,Manual,0,14,etios,2866.6666666666665,0.38066666666666665,8.852507306031641e-06,0,1
etios cross,2014,4.9,8.93,83000,Diesel,Dealer,Manual,0,11,etios,6916.666666666667,0.7441666666666666,8.965755432665468e-06,1,1
etios g,2015,3.95,6.8,36000,Petrol,Dealer,Manual,0,10,etios,3272.7272727272725,0.6181818181818182,1.717124019282293e-05,0,1
corolla altis,2013,5.5,14.68,72000,Petrol,Dealer,Manual,0,12,corolla,5538.461538461538,1.1292307692307693,1.5683542856776562e-05,0,1
corolla,2004,1.5,12.35,135154,Petrol,Dealer,Automatic,0,21,corolla,6143.363636363636,0.5613636363636364,4.15348034747983e-06,0,1
corolla altis,2010,5.25,22.83,80000,Petrol,Dealer,Automatic,0,15,corolla,5000.0,1.426875,1.783571455356808e-05,0,1
fortuner,2012,14.5,30.61,89000,Diesel,Dealer,Automatic,0,13,fortuner,6357.142857142857,2.1864285714285714,2.4566337135858826e-05,1,1
corolla altis,2016,14.73,14.89,23000,Diesel,Dealer,Manual,0,9,corolla,2300.0,1.489,6.473631581235599e-05,1,1
etios gd,2015,4.75,7.85,40000,Diesel,Dealer,Manual,0,10,etios,3636.3636363636365,0.7136363636363636,1.7840463079332108e-05,1,1
innova,2017,23.0,25.39,15000,Diesel,Dealer,Automatic,0,8,innova,1666.6666666666667,2.821111111111111,0.00018806153663829817,1,1
innova,2015,12.5,13.46,38000,Diesel,Dealer,Manual,0,10,innova,3454.5454545454545,1.2236363636363636,3.220010956649466e-05,1,1
innova,2005,3.49,13.46,197176,Diesel,Dealer,Manual,0,20,innova,9389.333333333334,0.6409523809523809,3.2506447554855838e-06,1,1
camry,2006,2.5,23.73,142000,Petrol,Individual,Automatic,3,19,camry,7100.0,1.1865,8.355574960739713e-06,0,0
land cruiser,2010,35.0,92.6,78000,Diesel,Dealer,Manual,0,15,land,4875.0,5.7875,7.419776669529877e-05,1,1
corolla altis,2012,5.9,13.74,56000,Petrol,Dealer,Manual,0,13,corolla,4000.0,0.9814285714285714,1.7525197254130665e-05,0,1
etios liva,2013,3.45,6.05,47000,Petrol,Dealer,Manual,0,12,etios,3615.3846153846152,0.4653846153846154,9.90158965521192e-06,0,1
etios g,2014,4.75,6.76,40000,Petrol,Dealer,Manual,0,11,etios,3333.3333333333335,0.5633333333333334,1.4082981258801862e-05,0,1
corolla altis,2009,3.8,18.61,62000,Petrol,Dealer,Manual,0,16,corolla,3647.0588235294117,1.0947058823529412,1.765626171114887e-05,0,1
innova,2014,11.25,16.09,58242,Diesel,Dealer,Manual,0,11,innova,4853.5,1.3408333333333333,2.3021364513045916e-05,1,1
innova,2005,3.51,13.7,75000,Petrol,Dealer,Manual,0,20,innova,3571.4285714285716,0.6523809523809524,8.698296721123082e-06,0,1
fortuner,2015,23.0,30.61,40000,Diesel,Dealer,Automatic,0,10,fortuner,3636.3636363636365,2.7827272727272727,6.95664426571154e-05,1,1
corolla altis,2008,4.0,22.78,89000,Petrol,Dealer,Automatic,0,17,corolla,4944.444444444444,1.2655555555555555,1.4219565572921154e-05,0,1
corolla altis,2012,5.85,18.61,72000,Petrol,Dealer,Manual,0,13,corolla,5142.857142857143,1.3292857142857142,1.846204517000756e-05,0,1
innova,2016,20.75,25.39,29000,Diesel,Dealer,Automatic,0,9,innova,2900.0,2.539,8.754870521706149e-05,1,1
corolla altis,2017,17.0,18.64,8700,Petrol,Dealer,Manual,0,8,corolla,966.6666666666666,2.071111111111111,0.00023803138847386634,0,1
corolla altis,2013,7.05,18.61,45000,Petrol,Dealer,Manual,0,12,corolla,3461.5384615384614,1.4315384615384614,3.1811258895101474e-05,0,1
fortuner,2010,9.65,20.45,50024,Diesel,Dealer,Manual,0,15,fortuner,3126.5,1.278125,2.5549725137431284e-05,1,1
Royal Enfield Thunder 500,2016,1.75,1.9,3000,Petrol,Individual,Manual,0,9,Royal,300.0,0.19,6.331222925691436e-05,0,1
UM Renegade Mojave,2017,1.7,1.82,1400,Petrol,Individual,Manual,0,8,UM,155.55555555555554,0.20222222222222222,0.00014434134348481243,0,1
KTM RC200,2017,1.65,1.78,4000,Petrol,Individual,Manual,0,8,KTM,444.44444444444446,0.19777777777777777,4.943208642283873e-05,0,1
Bajaj Dominar 400,2017,1.45,1.6,1200,Petrol,Individual,Manual,0,8,Bajaj,133.33333333333334,0.17777777777777778,0.00014802479415302062,0,1
Royal Enfield Classic 350,2017,1.35,1.47,4100,Petrol,Individual,Manual,0,8,Royal,455.55555555555554,0.16333333333333333,3.982768430464114e-05,0,1
KTM RC390,2015,1.35,2.37,21700,Petrol,Individual,Manual,0,10,KTM,1972.7272727272727,0.21545454545454545,9.928323370100247e-06,0,1
Hyosung GT250R,2014,1.35,3.45,16500,Petrol,Individual,Manual,1,11,Hyosung,1375.0,0.28750000000000003,1.742318647354706e-05,0,0
Royal Enfield Thunder 350,2013,1.25,1.5,15000,Petrol,Individual,Manual,0,12,Royal,1153.8461538461538,0.11538461538461539,7.691794905980626e-06,0,1
Royal Enfield Thunder 350,2016,1.2,1.5,18000,Petrol,Individual,Manual,0,9,Royal,1800.0,0.15,8.332870396089105e-06,0,1
Royal Enfield Classic 350,2017,1.2,1.47,11000,Petrol,Individual,Manual,0,8,Royal,1222.2222222222222,0.16333333333333333,1.484713510892949e-05,0,1
KTM RC200,2016,1.2,1.78,6000,Petrol,Individual,Manual,0,9,KTM,600.0,0.178,2.9661723046158976e-05,0,1
Royal Enfield Thunder 350,2016,1.15,1.5,8700,Petrol,Individual,Manual,0,9,Royal,870.0,0.15,1.7239397770371222e-05,0,1
KTM 390 Duke ,2014,1.15,2.4,7000,Petrol,Individual,Manual,0,11,KTM,583.3333333333334,0.19999999999999998,2.8567347521782597e-05,0,1
Mahindra Mojo XT300,2016,1.15,1.4,35000,Petrol,Individual,Manual,0,9,Mahindra,3500.0,0.13999999999999999,3.999885717550927e-06,0,1
Royal Enfield Classic 350,2015,1.15,1.47,17000,Petrol,Individual,Manual,0,10,Royal,1545.4545454545455,0.13363636363636364,7.860500184481127e-06,0,1
Royal Enfield Classic 350,2015,1.11,1.47,17500,Petrol,Individual,Manual,0,10,Royal,1590.909090909091,0.13363636363636364,7.635927297660913e-06,0,1
Royal Enfield Classic 350,2013,1.1,1.47,33000,Petrol,Individual,Manual,0,12,Royal,2538.4615384615386,0.11307692307692307,3.4264695941614828e-06,0,1
Royal Enfield Thunder 500,2015,1.1,1.9,14000,Petrol,Individual,Manual,0,10,Royal,1272.7272727272727,0.17272727272727273,1.233678113900955e-05,0,1
Royal Enfield Classic 350,2015,1.1,1.47,26000,Petrol,Individual,Manual,0,10,Royal,2363.6363636363635,0.13363636363636364,5.139662460534735e-06,0,1
Royal Enfield Thunder 500,2013,1.05,1.9,5400,Petrol,Individual,Manual,0,12,Royal,415.38461538461536,0.14615384615384613,2.7060515858886534e-05,0,1
Bajaj Pulsar RS200,2016,1.05,1.26,5700,Petrol,Individual,Manual,0,9,Bajaj,570.0,0.126,2.2101385721803196e-05,0,1
Royal Enfield Thunder 350,2011,1.05,1.5,6900,Petrol,Individual,Manual,0,14,Royal,460.0,0.1,1.4490653528474133e-05,0,1
Royal Enfield Bullet 350,2016,1.05,1.17,6000,Petrol,Individual,Manual,0,9,Royal,600.0,0.11699999999999999,1.9496750541576403e-05,0,1
Royal Enfield Classic 350,2013,1.0,1.47,46500,Petrol,Individual,Manual,0,12,Royal,3576.923076923077,0.11307692307692307,2.431709491772716e-06,0,1
Royal Enfield Classic 500,2012,0.95,1.75,11500,Petrol,Individual,Manual,0,13,Royal,821.4285714285714,0.125,1.0868620119989565e-05,0,1
Royal Enfield Classic 500,2009,0.9,1.75,40000,Petrol,Individual,Manual,0,16,Royal,2352.9411764705883,0.10294117647058823,2.573465075137827e-06,0,1
Bajaj Avenger 220,2017,0.9,0.95,1300,Petrol,Individual,Manual,0,8,Bajaj,144.44444444444446,0.10555555555555556,8.113417029635323e-05,0,1
Bajaj Avenger 150,2016,0.75,0.8,7000,Petrol,Individual,Manual,0,9,Bajaj,700.0,0.08,1.1426939008713042e-05,0,1
Honda CB Hornet 160R,2017,0.8,0.87,3000,Petrol,Individual,Manual,0,8,Honda,333.3333333333333,0.09666666666666666,3.221148506053537e-05,0,1
Yamaha FZ S V 2.0,2017,0.78,0.84,5000,Petrol,Individual,Manual,0,8,Yamaha,555.5555555555555,0.09333333333333332,1.8662934079850694e-05,0,1
Honda CB Hornet 160R,2017,0.75,0.87,11000,Petrol,Individual,Manual,0,8,Honda,1222.2222222222222,0.09666666666666666,8.787079962427658e-06,0,1
Yamaha FZ 16,2015,0.75,0.82,18000,Petrol,Individual,Manual,0,10,Yamaha,1636.3636363636363,0.07454545454545454,4.141184075632161e-06,0,1
Bajaj Avenger 220,2017,0.75,0.95,3500,Petrol,Individual,Manual,0,8,Bajaj,388.8888888888889,0.10555555555555556,3.0150115839918747e-05,0,1
Bajaj Avenger 220,2016,0.72,0.95,500,Petrol,Individual,Manual,0,9,Bajaj,50.0,0.095,0.00018962075848303394,0,1
TVS Apache RTR 160,2017,0.65,0.81,11800,Petrol,Individual,Manual,0,8,TVS,1311.111111111111,0.09000000000000001,7.6264723328531474e-06,0,1
Bajaj Pulsar 150,2015,0.65,0.74,5000,Petrol,Individual,Manual,0,10,Bajaj,454.54545454545456,0.06727272727272728,1.3451855083528749e-05,0,1
Honda CBR 150,2014,0.65,1.2,23500,Petrol,Individual,Manual,0,11,Honda,1958.3333333333333,0.09999999999999999,4.255138079230671e-06,0,1
Hero Extreme,2013,0.65,0.787,16000,Petrol,Individual,Manual,0,12,Hero,1230.7692307692307,0.06053846153846154,3.783417382567436e-06,0,1
Honda CB Hornet 160R,2016,0.6,0.87,15000,Petrol,Individual,Manual,0,9,Honda,1500.0,0.087,5.799613359109393e-06,0,1
Bajaj Avenger 220 dtsi,2015,0.6,0.95,16600,Petrol,Individual,Manual,0,10,Bajaj,1509.090909090909,0.08636363636363636,5.2023153041164e-06,0,1
Honda CBR 150,2013,0.6,1.2,32000,Petrol,Individual,Manual,0,12,Honda,2461.5384615384614,0.0923076923076923,2.884525243201535e-06,0,1
Bajaj Avenger 150 street,2016,0.6,0.8,20000,Petrol,Individual,Manual,0,9,Bajaj,2000.0,0.08,3.9998000099995e-06,0,1
Yamaha FZ  v 2.0,2015,0.6,0.84,29000,Petrol,Individual,Manual,0,10,Yamaha,2636.3636363636365,0.07636363636363636,2.6331380422618657e-06,0,1
Yamaha FZ  v 2.0,2016,0.6,0.84,25000,Petrol,Individual,Manual,0,9,Yamaha,2500.0,0.08399999999999999,3.3598656053757848e-06,0,1
Bajaj Pulsar  NS 200,2014,0.6,0.99,25000,Petrol,Individual,Manual,0,11,Bajaj,2083.3333333333335,0.0825,3.2998680052797884e-06,0,1
TVS Apache RTR 160,2012,0.6,0.81,19000,Petrol,Individual,Manual,0,13,TVS,1357.142857142857,0.057857142857142864,3.0449525212958717e-06,0,1
Hero Extreme,2014,0.55,0.787,15000,Petrol,Individual,Manual,0,11,Hero,1250.0,0.06558333333333334,4.371930760171544e-06,0,1
Yamaha FZ S V 2.0,2015,0.55,0.84,58000,Petrol,Individual,Manual,0,10,Yamaha,5272.727272727273,0.07636363636363636,1.3165917202054509e-06,0,1
Bajaj Pulsar 220 F,2010,0.52,0.94,45000,Petrol,Individual,Manual,0,15,Bajaj,2812.5,0.05875,1.305526543854581e-06,0,1
Bajaj Pulsar 220 F,2016,0.51,0.94,24000,Petrol,Individual,Manual,0,9,Bajaj,2400.0,0.094,3.916503479021707e-06,0,1
TVS Apache RTR 180,2011,0.5,0.826,6000,Petrol,Individual,Manual,0,14,TVS,400.0,0.05506666666666667,9.176248403043936e-06,0,1
Hero Passion X pro,2016,0.5,0.55,31000,Petrol,Individual,Manual,0,9,Hero,3100.0,0.05500000000000001,1.7741363181832847e-06,0,1
Bajaj Pulsar NS 200,2012,0.5,0.99,13000,Petrol,Individual,Manual,0,13,Bajaj,928.5714285714286,0.07071428571428572,5.439142044018591e-06,0,1
Bajaj Pulsar NS 200,2013,0.5,0.99,45000,Petrol,Individual,Manual,0,12,Bajaj,3461.5384615384614,0.07615384615384616,1.6922700863057744e-06,0,1
Yamaha Fazer ,2014,0.5,0.88,8000,Petrol,Individual,Manual,0,11,Yamaha,666.6666666666666,0.07333333333333333,9.165520976544599e-06,0,1
Honda Activa 4G,2017,0.48,0.51,4300,Petrol,Individual,Automatic,0,8,Honda,477.77777777777777,0.05666666666666667,1.3175230566534913e-05,0,1
TVS Sport ,2017,0.48,0.52,15000,Petrol,Individual,Manual,0,8,TVS,1666.6666666666667,0.05777777777777778,3.851595078846595e-06,0,1
Yamaha FZ S V 2.0,2015,0.48,0.84,23000,Petrol,Individual,Manual,0,10,Yamaha,2090.909090909091,0.07636363636363636,3.320013754342696e-06,0,1
Honda Dream Yuga ,2017,0.48,0.54,8600,Petrol,Individual,Manual,0,8,Honda,955.5555555555555,0.060000000000000005,6.975933031042902e-06,0,1
Honda Activa 4G,2017,0.45,0.51,4000,Petrol,Individual,Automatic,0,8,Honda,444.44444444444446,0.05666666666666667,1.4163125885195368e-05,0,1
Bajaj Avenger Street 220,2011,0.45,0.95,24000,Petrol,Individual,Manual,0,14,Bajaj,1600.0,0.06333333333333332,2.6387789397663984e-06,0,1
TVS Apache RTR 180,2014,0.45,0.826,23000,Petrol,Individual,Manual,0,11,TVS,1916.6666666666667,0.06883333333333333,2.9926235091227914e-06,0,1
Bajaj Pulsar NS 200,2012,0.45,0.99,14500,Petrol,Individual,Manual,0,13,Bajaj,1035.7142857142858,0.07071428571428572,4.876510979538357e-06,0,1
Bajaj Avenger 220 dtsi,2010,0.45,0.95,27000,Petrol,Individual,Manual,0,15,Bajaj,1687.5,0.059375,2.198992629902596e-06,0,1
Hero Splender iSmart,2016,0.45,0.54,14000,Petrol,Individual,Manual,0,9,Hero,1400.0,0.054000000000000006,3.85686736661667e-06,0,1
Activa 3g,2016,0.45,0.54,500,Petrol,Individual,Automatic,0,9,Activa,50.0,0.054000000000000006,0.00010778443113772456,0,1
Hero Passion Pro,2016,0.45,0.55,1000,Petrol,Individual,Manual,0,9,Hero,100.0,0.05500000000000001,5.4945054945054945e-05,0,1
TVS Apache RTR 160,2014,0.42,0.81,42000,Petrol,Individual,Manual,0,11,TVS,3500.0,0.0675,1.6071045927477916e-06,0,1
Honda CB Trigger,2013,0.42,0.73,12000,Petrol,Individual,Manual,0,12,Honda,923.0769230769231,0.05615384615384615,4.679097254715953e-06,0,1
Hero Splender iSmart,2015,0.4,0.54,14000,Petrol,Individual,Manual,0,10,Hero,1272.7272727272727,0.049090909090909095,3.5062430605606095e-06,0,1
Yamaha FZ S ,2012,0.4,0.83,5500,Petrol,Individual,Manual,0,13,Yamaha,392.85714285714283,0.05928571428571428,1.0777261277170384e-05,0,1
Hero Passion Pro,2015,0.4,0.55,6700,Petrol,Individual,Manual,0,10,Hero,609.0909090909091,0.05,7.46157289956723e-06,0,1
Bajaj Pulsar 135 LS,2014,0.4,0.64,13700,Petrol,Individual,Manual,0,11,Bajaj,1141.6666666666667,0.05333333333333334,3.892659903170085e-06,0,1
Activa 4g,2017,0.4,0.51,1300,Petrol,Individual,Automatic,0,8,Activa,144.44444444444446,0.05666666666666667,4.355623879067384e-05,0,1
Honda CB Unicorn,2015,0.38,0.72,38600,Petrol,Individual,Manual,0,10,Honda,3509.090909090909,0.06545454545454545,1.6956696835456452e-06,0,1
Hero Honda CBZ extreme,2011,0.38,0.787,75000,Petrol,Individual,Manual,0,14,Hero,5000.0,0.05246666666666667,6.995462282725119e-07,0,1
Honda Karizma,2011,0.35,1.05,30000,Petrol,Individual,Manual,0,14,Honda,2000.0,0.07,2.333255558148062e-06,0,1
Honda Activa 125,2016,0.35,0.57,24000,Petrol,Individual,Automatic,0,9,Honda,2400.0,0.056999999999999995,2.3749010457897585e-06,0,1
TVS Jupyter,2014,0.35,0.52,19000,Petrol,Individual,Automatic,0,11,TVS,1583.3333333333333,0.043333333333333335,2.2805817237689243e-06,0,1
Honda Karizma,2010,0.31,1.05,213000,Petrol,Individual,Manual,0,15,Honda,13312.5,0.065625,3.080971450838259e-07,0,1
Hero Honda Passion Pro,2012,0.3,0.51,60000,Petrol,Individual,Manual,0,13,Hero,4285.714285714285,0.03642857142857143,6.071327382638861e-07,0,1
Hero Splender Plus,2016,0.3,0.48,50000,Petrol,Individual,Manual,0,9,Hero,5000.0,0.048,9.599808003839924e-07,0,1
Honda CB Shine,2013,0.3,0.58,30000,Petrol,Individual,Manual,0,12,Honda,2307.6923076923076,0.04461538461538461,1.487129916182281e-06,0,1
Bajaj Discover 100,2013,0.27,0.47,21000,Petrol,Individual,Manual,0,12,Bajaj,1615.3846153846155,0.036153846153846154,1.7215297440048641e-06,0,1
Bajaj Pulsar 150,2008,0.25,0.75,26000,Petrol,Individual,Manual,1,17,Bajaj,1444.4444444444443,0.041666666666666664,1.6025024678538004e-06,0,0
Suzuki Access 125,2008,0.25,0.58,1900,Petrol,Individual,Automatic,0,17,Suzuki,105.55555555555556,0.03222222222222222,1.6950143199485647e-05,0,1
TVS Wego,2010,0.25,0.52,22000,Petrol,Individual,Automatic,0,15,TVS,1375.0,0.0325,1.4772055815644744e-06,0,1
Honda CB twister,2013,0.25,0.51,32000,Petrol,Individual,Manual,0,12,Honda,2461.5384615384614,0.03923076923076923,1.2259232283606522e-06,0,1
Hero Glamour,2013,0.25,0.57,18000,Petrol,Individual,Manual,0,12,Hero,1384.6153846153845,0.04384615384615384,2.435762115779893e-06,0,1
Hero Super Splendor,2005,0.2,0.57,55000,Petrol,Individual,Manual,0,20,Hero,2619.0476190476193,0.027142857142857142,4.934975208242967e-07,0,1
Bajaj Pulsar 150,2008,0.2,0.75,60000,Petrol,Individual,Manual,0,17,Bajaj,3333.3333333333335,0.041666666666666664,6.944328705632683e-07,0,1
Bajaj Discover 125,2012,0.2,0.57,25000,Petrol,Individual,Manual,1,13,Bajaj,1785.7142857142858,0.04071428571428571,1.6285062883198954e-06,0,0
Hero Hunk,2007,0.2,0.75,49000,Petrol,Individual,Manual,1,18,Hero,2578.9473684210525,0.039473684210526314,8.055689518688663e-07,0,0
Hero  Ignitor Disc,2013,0.2,0.65,24000,Petrol,Individual,Manual,1,12,Hero,1846.1538461538462,0.05,2.0832465313945252e-06,0,0
Hero  CBZ Xtreme,2008,0.2,0.787,50000,Petrol,Individual,Manual,0,17,Hero,2777.777777777778,0.043722222222222225,8.744269559053263e-07,0,1
Bajaj  ct 100,2015,0.18,0.32,35000,Petrol,Individual,Manual,0,10,Bajaj,3181.818181818182,0.02909090909090909,8.311450841664264e-07,0,1
Activa 3g,2008,0.17,0.52,500000,Petrol,Individual,Automatic,0,17,Activa,27777.777777777777,0.02888888888888889,5.777766222245333e-08,0,1
Honda CB twister,2010,0.16,0.51,33000,Petrol,Individual,Manual,0,15,Honda,2062.5,0.031875,9.65879821823581e-07,0,1
Bajaj Discover 125,2011,0.15,0.57,35000,Petrol,Individual,Manual,1,14,Bajaj,2333.3333333333335,0.038,1.0856832661923943e-06,0,0
Honda CB Shine,2007,0.12,0.58,53000,Petrol,Individual,Manual,0,18,Honda,2789.4736842105262,0.030526315789473683,5.759573553229878e-07,0,1
Bajaj Pulsar 150,2006,0.1,0.75,92233,Petrol,Individual,Manual,0,19,Bajaj,4611.65,0.0375,4.0657458204132967e-07,0,1
i20,2010,3.25,6.79,58000,Diesel,Dealer,Manual,1,15,i20,3625.0,0.424375,7.316684195100085e-06,1,0
grand i10,2015,4.4,5.7,28200,Petrol,Dealer,Manual,0,10,grand,2563.6363636363635,0.5181818181818182,1.8374590198284397e-05,0,1
i10,2011,2.95,4.6,53460,Petrol,Dealer,Manual,0,14,i10,3564.0,0.30666666666666664,5.736268806544334e-06,0,1
eon,2015,2.75,4.43,28282,Petrol,Dealer,Manual,0,10,eon,2571.090909090909,0.4027272727272727,1.423919926200448e-05,0,1
grand i10,2016,5.25,5.7,3493,Petrol,Dealer,Manual,1,9,grand,349.3,0.5700000000000001,0.0001631368059530624,0,0
xcent,2017,5.75,7.13,12479,Petrol,Dealer,Manual,0,8,xcent,1386.5555555555557,0.7922222222222222,6.347934472934473e-05,0,1
grand i10,2015,5.15,5.7,34797,Petrol,Dealer,Automatic,0,10,grand,3163.3636363636365,0.5181818181818182,1.4891137944186972e-05,0,1
i20,2017,7.9,8.1,3435,Petrol,Dealer,Manual,0,8,i20,381.6666666666667,0.8999999999999999,0.0002619324796274738,0,1
grand i10,2015,4.85,5.7,21125,Diesel,Dealer,Manual,0,10,grand,1920.4545454545455,0.5181818181818182,2.45281557408794e-05,1,1
i10,2012,3.1,4.6,35775,Petrol,Dealer,Manual,0,13,i10,2555.3571428571427,0.32857142857142857,9.184129823664706e-06,0,1
elantra,2015,11.75,14.79,43535,Diesel,Dealer,Manual,0,10,elantra,3957.7272727272725,1.3445454545454545,3.0883532123884936e-05,1,1
creta,2016,11.25,13.6,22671,Petrol,Dealer,Manual,0,9,creta,2267.1,1.3599999999999999,5.9985885673959074e-05,0,1
i20,2011,2.9,6.79,31604,Petrol,Dealer,Manual,0,14,i20,2106.9333333333334,0.45266666666666666,1.4322628276116648e-05,0,1
grand i10,2017,5.25,5.7,20114,Petrol,Dealer,Manual,0,8,grand,2234.8888888888887,0.6333333333333333,3.1485624326787637e-05,0,1
verna,2012,4.5,9.4,36100,Petrol,Dealer,Manual,0,13,verna,2578.5714285714284,0.6714285714285715,1.85986142053841e-05,0,1
eon,2016,2.9,4.43,12500,Petrol,Dealer,Manual,0,9,eon,1250.0,0.44299999999999995,3.543716502679786e-05,0,1
eon,2016,3.15,4.43,15000,Petrol,Dealer,Manual,0,9,eon,1500.0,0.44299999999999995,2.953136457569495e-05,0,1
verna,2014,6.45,9.4,45078,Petrol,Dealer,Manual,0,11,verna,3756.5,0.7833333333333333,1.7376901291806234e-05,0,1
verna,2012,4.5,9.4,36000,Petrol,Dealer,Manual,0,13,verna,2571.4285714285716,0.6714285714285715,1.8650275587582884e-05,0,1
eon,2017,3.5,4.43,38488,Petrol,Dealer,Manual,0,8,eon,4276.444444444444,0.49222222222222217,1.2788646684045369e-05,0,1
i20,2013,4.5,6.79,32000,Petrol,Dealer,Automatic,0,12,i20,2461.5384615384614,0.5223076923076924,1.6321605334448686e-05,0,1
i20,2014,6.0,7.6,77632,Diesel,Dealer,Manual,0,11,i20,6469.333333333333,0.6333333333333333,8.158042756731458e-06,1,1
verna,2015,8.25,9.4,61381,Diesel,Dealer,Manual,0,10,verna,5580.090909090909,0.8545454545454546,1.3921759710427398e-05,1,1
verna,2013,5.11,9.4,36198,Petrol,Dealer,Automatic,0,12,verna,2784.4615384615386,0.7230769230769231,1.9975052434512642e-05,0,1
i10,2011,2.7,4.6,22517,Petrol,Dealer,Manual,0,14,i10,1501.1333333333334,0.30666666666666664,1.3618734641916094e-05,0,1
grand i10,2015,5.25,5.7,24678,Petrol,Dealer,Manual,0,10,grand,2243.4545454545455,0.5181818181818182,2.0996872571085465e-05,0,1
i10,2011,2.55,4.43,57000,Petrol,Dealer,Manual,0,14,i10,3800.0,0.29533333333333334,5.181195651538277e-06,0,1
verna,2012,4.95,9.4,60000,Diesel,Dealer,Manual,0,13,verna,4285.714285714285,0.6714285714285715,1.1190289685648095e-05,1,1
i20,2012,3.1,6.79,52132,Diesel,Dealer,Manual,0,13,i20,3723.714285714286,0.485,9.303128536627472e-06,1,1
verna,2013,6.15,9.4,45000,Diesel,Dealer,Manual,0,12,verna,3461.5384615384614,0.7230769230769231,1.6068019001287153e-05,1,1
verna,2017,9.25,9.4,15001,Petrol,Dealer,Manual,0,8,verna,1666.7777777777778,1.0444444444444445,6.96203469167074e-05,0,1
elantra,2015,11.45,14.79,12900,Petrol,Dealer,Automatic,0,10,elantra,1172.7272727272727,1.3445454545454545,0.00010422025072052202,0,1
grand i10,2013,3.9,5.7,53000,Diesel,Dealer,Manual,0,12,grand,4076.923076923077,0.43846153846153846,8.272703127517188e-06,1,1
grand i10,2015,5.5,5.7,4492,Petrol,Dealer,Manual,0,10,grand,408.3636363636364,0.5181818181818182,0.00011533091880298646,0,1
verna,2017,9.1,9.4,15141,Petrol,Dealer,Manual,0,8,verna,1682.3333333333333,1.0444444444444445,6.897665066995406e-05,0,1
eon,2016,3.1,4.43,11849,Petrol,Dealer,Manual,0,9,eon,1184.9,0.44299999999999995,3.738396624472574e-05,0,1
creta,2015,11.25,13.6,68000,Diesel,Dealer,Manual,0,10,creta,6181.818181818182,1.2363636363636363,1.8181550806071032e-05,1,1
verna,2013,4.8,9.4,60241,Petrol,Dealer,Manual,0,12,verna,4633.923076923077,0.7230769230769231,1.2002870473704776e-05,0,1
eon,2012,2.0,4.43,23709,Petrol,Dealer,Manual,0,13,eon,1693.5,0.3164285714285714,1.3345785382900523e-05,0,1
verna,2012,5.35,9.4,32322,Diesel,Dealer,Manual,0,13,verna,2308.714285714286,0.6714285714285715,2.0772470730704806e-05,1,1
xcent,2015,4.75,7.13,35866,Petrol,Dealer,Manual,1,10,xcent,3260.5454545454545,0.6481818181818182,1.8071815824624816e-05,0,0
xcent,2014,4.4,7.13,34000,Petrol,Dealer,Manual,0,11,xcent,2833.3333333333335,0.5941666666666666,1.7474976226189424e-05,0,1
i20,2016,6.25,7.6,7000,Petrol,Dealer,Manual,0,9,i20,700.0,0.76,0.00010855592058277389,0,1
verna,2013,5.95,9.4,49000,Diesel,Dealer,Manual,0,12,verna,3769.230769230769,0.7230769230769231,1.4756370749105592e-05,1,1
verna,2012,5.2,9.4,71000,Diesel,Dealer,Manual,0,13,verna,5071.428571428572,0.6714285714285715,9.456607251004513e-06,1,1
i20,2012,3.75,6.79,35000,Petrol,Dealer,Manual,0,13,i20,2500.0,0.485,1.385674695008714e-05,0,1
verna,2015,5.95,9.4,36000,Petrol,Dealer,Manual,0,10,verna,3272.7272727272725,0.8545454545454546,2.37367143841964e-05,0,1
i10,2013,4.0,4.6,30000,Petrol,Dealer,Manual,0,12,i10,2307.6923076923076,0.3538461538461538,1.1794478645583608e-05,0,1
i20,2016,5.25,7.6,17000,Petrol,Dealer,Manual,0,9,i20,1700.0,0.76,4.4703252749838246e-05,0,1
creta,2016,12.9,13.6,35934,Diesel,Dealer,Manual,0,9,creta,3593.4,1.3599999999999999,3.784611103381105e-05,1,1
city,2013,5.0,9.9,56701,Petrol,Dealer,Manual,0,12,city,4361.615384615385,0.7615384615384616,1.3430539690636338e-05,0,1
brio,2015,5.4,6.82,31427,Petrol,Dealer,Automatic,0,10,brio,2857.0,0.62,1.972763141148021e-05,0,1
city,2014,7.2,9.9,48000,Diesel,Dealer,Manual,0,11,city,4000.0,0.8250000000000001,1.718714193454303e-05,1,1
city,2013,5.25,9.9,54242,Petrol,Dealer,Manual,0,12,city,4172.461538461538,0.7615384615384616,1.4039386861686514e-05,0,1
brio,2012,3.0,5.35,53675,Petrol,Dealer,Manual,0,13,brio,3833.9285714285716,0.3821428571428571,7.119436193882873e-06,0,1
city,2016,10.25,13.6,49562,Petrol,Dealer,Manual,0,9,city,4956.2,1.3599999999999999,2.743982406230454e-05,0,1
city,2015,8.5,13.6,40324,Petrol,Dealer,Manual,0,10,city,3665.818181818182,1.2363636363636363,3.0659978583103194e-05,0,1
city,2015,8.4,13.6,25000,Petrol,Dealer,Manual,0,10,city,2272.7272727272725,1.2363636363636363,4.945256735185138e-05,0,1
amaze,2014,3.9,7.0,36054,Petrol,Dealer,Manual,0,11,amaze,3004.5,0.5833333333333334,1.6178985808718162e-05,0,1
city,2016,9.15,13.6,29223,Petrol,Dealer,Manual,0,9,city,2922.3,1.3599999999999999,4.6537092800437994e-05,0,1
brio,2016,5.5,5.97,5600,Petrol,Dealer,Manual,0,9,brio,560.0,0.597,0.00010658810926620247,0,1
amaze,2015,4.0,5.8,40023,Petrol,Dealer,Manual,0,10,amaze,3638.4545454545455,0.5272727272727272,1.3173913833518069e-05,0,1
jazz,2016,6.6,7.7,16002,Petrol,Dealer,Manual,0,9,jazz,1600.2,0.77,4.811597825407736e-05,0,1
amaze,2015,4.0,7.0,40026,Petrol,Dealer,Manual,0,10,amaze,3638.7272727272725,0.6363636363636364,1.5898359516417327e-05,0,1
jazz,2017,6.5,8.7,21200,Petrol,Dealer,Manual,0,8,jazz,2355.5555555555557,0.9666666666666666,4.559533355344873e-05,0,1
amaze,2014,3.65,7.0,35000,Petrol,Dealer,Manual,0,11,amaze,2916.6666666666665,0.5833333333333334,1.6666190489795527e-05,0,1
city,2016,8.35,9.4,19434,Diesel,Dealer,Manual,0,9,city,1943.4,0.9400000000000001,4.836634936969386e-05,1,1
brio,2017,4.8,5.8,19000,Petrol,Dealer,Manual,0,8,brio,2111.1111111111113,0.6444444444444444,3.39163435842558e-05,0,1
city,2015,6.7,10.0,18828,Petrol,Dealer,Manual,0,10,city,1711.6363636363637,0.9090909090909091,4.82814227569658e-05,0,1
city,2011,4.1,10.0,69341,Petrol,Dealer,Manual,0,14,city,4622.733333333334,0.6666666666666666,9.6141828425293e-06,0,1
city,2009,3.0,10.0,69562,Petrol,Dealer,Manual,0,16,city,4091.8823529411766,0.5882352941176471,8.45615189278276e-06,0,1
city,2015,7.5,10.0,27600,Petrol,Dealer,Manual,0,10,city,2509.090909090909,0.9090909090909091,3.293688305100935e-05,0,1
jazz,2010,2.25,7.5,61203,Petrol,Dealer,Manual,0,15,jazz,3825.1875,0.46875,7.658813149467355e-06,0,1
brio,2014,5.3,6.8,16500,Petrol,Dealer,Manual,0,11,brio,1375.0,0.5666666666666667,3.434135304931014e-05,0,1
city,2016,10.9,13.6,30753,Petrol,Dealer,Automatic,0,9,city,3075.3,1.3599999999999999,4.4221889835468556e-05,0,1
city,2015,8.65,13.6,24800,Petrol,Dealer,Manual,0,10,city,2254.5454545454545,1.2363636363636363,4.9851362298441045e-05,0,1
city,2015,9.7,13.6,21780,Petrol,Dealer,Manual,0,10,city,1980.0,1.2363636363636363,5.676340096247355e-05,0,1
jazz,2016,6.0,8.4,4000,Petrol,Dealer,Manual,0,9,jazz,400.0,0.8400000000000001,0.0002099475131217196,0,1
city,2014,6.25,13.6,40126,Petrol,Dealer,Manual,0,11,city,3343.8333333333335,1.1333333333333333,2.82436597137422e-05,0,1
brio,2015,5.25,5.9,14465,Petrol,Dealer,Manual,0,10,brio,1315.0,0.5363636363636364,3.70775360406219e-05,0,1
city,2006,2.1,7.6,50456,Petrol,Dealer,Manual,0,19,city,2522.8,0.38,7.531165150524209e-06,0,1
city,2014,8.25,14.0,63000,Diesel,Dealer,Manual,0,11,city,5250.0,1.1666666666666667,1.8518224578445844e-05,1,1
city,2016,8.99,11.8,9010,Petrol,Dealer,Manual,0,9,city,901.0,1.1800000000000002,0.00013095105981578072,0,1
brio,2013,3.5,5.9,9800,Petrol,Dealer,Manual,0,12,brio,753.8461538461538,0.4538461538461539,4.630610691216752e-05,0,1
jazz,2016,7.4,8.5,15059,Petrol,Dealer,Automatic,0,9,jazz,1505.9,0.85,5.644090305444887e-05,0,1
jazz,2016,5.65,7.9,28569,Petrol,Dealer,Manual,0,9,jazz,2856.9,0.79,2.765138256912846e-05,0,1
amaze,2015,5.75,7.5,44000,Petrol,Dealer,Automatic,0,10,amaze,4000.0,0.6818181818181818,1.5495515597786e-05,0,1
city,2015,8.4,13.6,34000,Petrol,Dealer,Manual,0,10,city,3090.909090909091,1.2363636363636363,3.63625668763753e-05,0,1
city,2016,10.11,13.6,10980,Petrol,Dealer,Manual,0,9,city,1098.0,1.3599999999999999,0.0001238502868591203,0,1
amaze,2014,4.5,6.4,19000,Petrol,Dealer,Manual,0,11,amaze,1583.3333333333333,0.5333333333333333,2.8068698138694454e-05,0,1
brio,2015,5.4,6.1,31427,Petrol,Dealer,Manual,0,10,brio,2857.0,0.5545454545454546,1.764494891642658e-05,0,1
jazz,2016,6.4,8.4,12000,Petrol,Dealer,Manual,0,9,jazz,1200.0,0.8400000000000001,6.999416715273727e-05,0,1
city,2010,3.25,9.9,38000,Petrol,Dealer,Manual,0,15,city,2375.0,0.61875,1.6282466250888136e-05,0,1
amaze,2014,3.75,6.8,33019,Petrol,Dealer,Manual,0,11,amaze,2751.5833333333335,0.5666666666666667,1.71613163739148e-05,0,1
city,2015,8.55,13.09,60076,Diesel,Dealer,Manual,0,10,city,5461.454545454545,1.19,1.980791317808812e-05,1,1
city,2016,9.5,11.6,33988,Diesel,Dealer,Manual,0,9,city,3398.8,1.16,3.4128688693400806e-05,1,1
brio,2015,4.0,5.9,60000,Petrol,Dealer,Manual,0,10,brio,5454.545454545455,0.5363636363636364,8.939244951978074e-06,0,1
city,2009,3.35,11.0,87934,Petrol,Dealer,Manual,0,16,city,5172.588235294118,0.6470588235294118,7.3583763408132345e-06,0,1
city,2017,11.5,12.5,9000,Diesel,Dealer,Manual,0,8,city,1000.0,1.3888888888888888,0.00015430384278290065,1,1
brio,2016,5.3,5.9,5464,Petrol,Dealer,Manual,0,9,brio,546.4,0.5900000000000001,0.0001079597438243367,0,1
